id;name;date;description
1;Incredible Baby bifurcated;2023-05-05T02:51:11;application
2;generating Planner copying;2023-05-05T09:33:18;Bedfordshire Chief value-added
3;Outdoors;2023-05-05T03:42:11;methodologies Personal zero
4;COM compelling;2023-05-04T16:32:00;Cotton Rubber
5;overriding;2023-05-05T02:06:54;Outdoors
6;Incredible 1080p niches;2023-05-05T09:26:31;deposit invoice compressing
7;Avon Massachusetts directional;2023-05-04T14:19:36;transmitting Extensions
8;Mobility Village;2023-05-04T19:40:51;Administrator Argentina
9;turquoise;2023-05-05T09:46:49;payment
10;Metrics connecting;2023-05-04T14:50:44;calculate Canyon
